claim,evidence_file,evidence_rows_or_lines,metric_or_observation,confidence,caveat
H0 final macro F1 0.9259,docs/experiments/round8d_han_compatible_five_appliance_event_benchmark/tables/model_event_metrics.csv,H0_random_event_split / M6_Tsetlin_shape_plus_paper_style,macro_f1 about 0.9259,high,Reference-only appliance-derived event benchmark
H1 final macro F1 0.6514,docs/experiments/round8d_han_compatible_five_appliance_event_benchmark/tables/model_event_metrics.csv,H1_H3_heldout_reference / M6_Tsetlin_shape_plus_paper_style,macro_f1 about 0.6514,high,Reference-only appliance-derived event benchmark
H0 result is reference-only,docs/experiments/round8d_han_compatible_five_appliance_event_benchmark/DECISION.md,Caveat section,Uses appliance-derived matched transitions and is non-deployable for aggregate-main NILM,high,Does not invalidate value as supervisor-facing reference
F3 shape-plus caused the large observed jump at feature-set level,docs/experiments/round8d_han_compatible_five_appliance_event_benchmark/tables/shape_plus_improvement_summary.csv,H0_random_event_split,previous best 0.7353 to new best 0.9259,medium,Feature-group ablation was not run
fridge/microwave high,docs/experiments/round8d_han_compatible_five_appliance_event_benchmark/tables/model_event_metrics.csv,M6 H0 and H1 rows,fridge H0/H1 F1 about 0.9663/0.9028; microwave H0/H1 F1 about 0.9909/0.9641,high,Reference event signatures only
dish washer cross-house weak,docs/experiments/round8d_han_compatible_five_appliance_event_benchmark/tables/model_event_metrics.csv,M6 H1 row,dish washer H1 F1 about 0.1503,high,H0 dish washer is strong so weakness is cross-house
furnace H0 improved but H1 weak,docs/experiments/round8d_han_compatible_five_appliance_event_benchmark/tables/shape_plus_improvement_summary.csv,H0 and H1 rows,H0 furnace F1 improved to about 0.8900; H1 furnace F1 about 0.3311,high,Cross-house transfer remains weak
washer dryer strong,docs/experiments/round8d_han_compatible_five_appliance_event_benchmark/tables/model_event_metrics.csv,M6 H0 and H1 rows,washer dryer H0/H1 F1 about 0.9415/0.9085,high,Reference event signatures only
deployable aggregate-main NILM remains separate,docs/experiments/round8d_han_compatible_five_appliance_event_benchmark/EXPLAINABILITY.md,Reporting Guidance section,Do not describe H0/H1 as deployable aggregate-main NILM,high,Separate hybrid route should continue
